北京,https://bj.lianjia.com/
保亭,http://you.lianjia.com/bt
成都,https://cd.lianjia.com/
重庆,https://cq.lianjia.com/
长沙,https://cs.lianjia.com/
澄迈,http://you.lianjia.com/cm
大连,https://dl.lianjia.com/
东莞,https://dg.lianjia.com/
儋州,http://you.lianjia.com/dz
定安,http://you.lianjia.com/da
大理,http://you.lianjia.com/dl1
佛山,https://fs.lianjia.com/
广州,https://gz.lianjia.com/
杭州,https://hz.lianjia.com/
惠州,https://hui.lianjia.com/
海口,http://you.lianjia.com/hk
合肥,https://hf.lianjia.com/
济南,https://jn.lianjia.com/
昆明,https://km.fang.lianjia.com/
陵水,http://you.lianjia.com/ls
廊坊,https://lf.lianjia.com/
临高,http://you.lianjia.com/lg
乐东,http://you.lianjia.com/ld
南京,https://nj.lianjia.com/
青岛,https://qd.lianjia.com/
琼海,http://you.lianjia.com/qh
琼中,http://you.lianjia.com/qz
上海,http://sh.lianjia.com/
深圳,https://sz.lianjia.com/
苏州,http://su.lianjia.com/
石家庄,https://sjz.lianjia.com/
沈阳,https://sy.lianjia.com/
三亚,http://you.lianjia.com/san
天津,https://tj.lianjia.com/
太原,https://ty.fang.lianjia.com/
武汉,https://wh.lianjia.com/
无锡,https://wx.lianjia.com/
文昌,http://you.lianjia.com/wc
万宁,http://you.lianjia.com/wn
五指山,http://you.lianjia.com/wzs
厦门,https://xm.lianjia.com/
西安,https://xa.lianjia.com/
西双版纳,http://you.lianjia.com/xsbn
烟台,https://yt.lianjia.com/
中山,https://zs.lianjia.com/
珠海,https://zh.lianjia.com/
郑州,https://zz.lianjia.com/
